,City,Lat,Lng,Max Temp ˚F,Humidity,Cloudiness,Wind Speed,Country,Date
0,Abhā,18.2164,42.5053,66.2,59,40,11.5,SA,2021-04-15 20:10:20
1,Aborlan,9.4352,118.5492,77.56,81,92,3.31,PH,2021-04-15 20:10:49
2,Acapulco de Juárez,16.8634,-99.8901,86.0,66,40,10.36,MX,2021-04-15 20:07:09
3,Acaraú,-2.8856,-40.12,81.52,79,92,12.19,BR,2021-04-15 20:09:07
4,Adrar,20.5022,-10.0711,83.05,18,23,10.63,MR,2021-04-15 20:09:55
5,Agadez,19.75,10.25,87.17,6,0,10.45,NE,2021-04-15 20:10:38
6,Ahvāz,31.3203,48.6693,75.2,23,0,9.22,IR,2021-04-15 20:10:12
7,Airai,-8.9266,125.4092,56.32,78,84,2.28,TL,2021-04-15 20:07:58
8,Aklavik,68.2191,-135.0107,19.4,73,90,11.5,CA,2021-04-15 20:08:45
9,Aksay,47.26,39.87,48.99,93,0,4.47,RU,2021-04-15 20:08:59
10,Albany,42.6001,-73.9662,52.0,83,100,7.43,US,2021-04-15 20:02:06
11,Alofi,-19.0595,-169.9187,78.8,78,20,3.44,NU,2021-04-15 20:10:41
12,Alta Floresta,-9.8756,-56.0861,89.6,58,40,3.44,BR,2021-04-15 20:09:36
13,Altagracia de Orituco,9.8601,-66.3814,83.61,62,98,3.49,VE,2021-04-15 20:09:10
14,Amapá,1.0,-52.0,73.71,97,100,4.81,BR,2021-04-15 20:08:16
15,Ambilobe,-13.2,49.05,73.56,95,11,2.26,MG,2021-04-15 20:08:24
16,Ambon City,-3.6954,128.1814,79.0,92,100,6.85,ID,2021-04-15 20:09:03
17,Anaconda,46.1285,-112.9423,41.0,42,75,14.97,US,2021-04-15 20:09:19
18,Anadyr,64.75,177.4833,19.4,73,20,17.9,RU,2021-04-15 20:09:39
19,Ancud,-41.8697,-73.8203,60.01,67,40,3.44,CL,2021-04-15 20:06:38
20,Angoche,-16.2325,39.9086,75.63,81,11,7.7,MZ,2021-04-15 20:10:24
21,Anju,39.6178,125.6647,43.75,66,100,13.82,KP,2021-04-15 20:10:24
22,Anloga,5.7947,0.8973,84.2,79,20,12.66,GH,2021-04-15 20:10:33
23,Araouane,18.9048,-3.5265,92.19,9,6,10.09,ML,2021-04-15 20:10:31
24,Arraial do Cabo,-22.9661,-42.0278,80.6,61,0,10.36,BR,2021-04-15 20:05:21
25,Arrondissement de Privas,44.5833,4.5,50.0,42,1,3.0,FR,2021-04-15 20:09:19
26,Arrondissement de Rennes,48.1667,-1.6667,46.4,57,0,11.5,FR,2021-04-15 20:09:06
27,At-Bashi,41.1702,75.8106,44.94,68,100,3.2,KG,2021-04-15 20:10:50
28,Atambua,-9.1061,124.8925,69.49,82,100,3.94,ID,2021-04-15 20:08:40
29,Atar,20.5169,-13.0499,85.75,17,0,9.78,MR,2021-04-15 20:08:30
30,Ati,13.2154,18.3353,85.01,6,0,11.01,TD,2021-04-15 20:07:24
31,Atuona,-9.8,-139.0333,81.16,66,35,19.15,PF,2021-04-15 20:05:59
32,Avarua,-21.2078,-159.775,82.4,74,20,5.75,CK,2021-04-15 20:06:34
33,Avera,33.194,-82.5271,75.2,57,40,11.5,US,2021-04-15 20:09:03
34,Awjilah,29.1081,21.2869,76.69,18,99,9.95,LY,2021-04-15 20:09:37
35,Aykino,62.2248,49.9922,30.2,80,4,4.41,RU,2021-04-15 20:10:13
36,Azare,11.6765,10.1948,85.98,11,49,8.37,NG,2021-04-15 20:10:32
37,Balkhash,46.844,74.9804,49.86,45,0,14.18,KZ,2021-04-15 20:10:17
38,Baloda Bāzār,21.6667,82.1667,81.1,28,80,6.55,IN,2021-04-15 20:09:28
39,Balsas,-7.5325,-46.0356,81.93,73,100,3.67,BR,2021-04-15 20:09:08
40,Bamako,12.65,-8.0,95.32,19,75,2.57,ML,2021-04-15 20:10:31
41,Bambanglipuro,-7.95,110.2833,75.92,87,96,2.3,ID,2021-04-15 20:08:36
42,Bambous Virieux,-20.3428,57.7575,78.01,94,75,8.05,MU,2021-04-15 20:06:25
43,Bandarbeyla,9.4942,50.8122,80.8,78,43,8.72,SO,2021-04-15 20:08:53
44,Banjar,-8.19,114.9675,80.6,89,40,3.44,ID,2021-04-15 20:09:46
45,Bara,10.3744,10.7288,89.94,25,24,5.86,NG,2021-04-15 20:09:45
46,Baracoa,20.3467,-74.4958,78.76,58,62,7.72,CU,2021-04-15 20:09:40
47,Barranca,-10.75,-77.7667,70.61,73,100,10.04,PE,2021-04-15 20:08:47
48,Barrow,71.2906,-156.7887,10.4,79,40,5.75,US,2021-04-15 20:08:08
49,Baruun-Urt,46.6806,113.2792,25.16,54,98,13.6,MN,2021-04-15 20:10:16
50,Batagay-Alyta,67.8006,130.4114,-12.5,94,68,6.04,RU,2021-04-15 20:08:35
51,Bathsheba,13.2167,-59.5167,84.2,61,40,17.27,BB,2021-04-15 20:09:09
52,Baykit,61.67,96.37,38.21,98,100,13.69,RU,2021-04-15 20:08:36
53,Bearsden,55.9154,-4.3328,46.4,66,57,11.5,GB,2021-04-15 20:10:10
54,Beira,-19.8436,34.8389,75.2,73,20,5.39,MZ,2021-04-15 20:09:14
55,Beisfjord,68.3751,17.5988,41.0,87,90,9.22,NO,2021-04-15 20:09:29
56,Beitbridge,-22.2167,30.0,74.39,44,0,7.31,ZW,2021-04-15 20:10:53
57,Bekwai,6.4534,-1.5774,77.14,76,91,3.58,GH,2021-04-15 20:09:27
58,Belmonte,-15.8631,-38.8828,78.8,61,40,8.05,BR,2021-04-15 20:05:20
59,Beloha,-25.1667,45.05,72.05,92,0,5.23,MG,2021-04-15 20:09:40
60,Benghazi,32.1167,20.0667,63.0,63,97,20.65,LY,2021-04-15 20:10:23
61,Bengkulu,-3.8004,102.2655,73.72,90,100,5.32,ID,2021-04-15 20:06:36
62,Benguela,-12.5763,13.4055,82.31,72,32,3.87,AO,2021-04-15 20:05:13
63,Berea,41.3662,-81.8543,43.0,93,90,6.91,US,2021-04-15 20:06:57
64,Berezanka,46.8526,31.388,43.65,86,100,11.61,UA,2021-04-15 20:09:51
65,Berlevåg,70.8578,29.0864,32.0,86,75,8.05,NO,2021-04-15 20:09:50
66,Beroroha,-21.6667,45.1667,74.19,81,30,2.51,MG,2021-04-15 20:10:40
67,Bethel,41.3712,-73.414,50.0,96,100,4.0,US,2021-04-15 20:05:24
68,Bilma,18.6853,12.9164,88.34,6,7,9.57,NE,2021-04-15 20:10:42
69,Bluff,-46.6,168.3333,50.0,95,78,1.01,NZ,2021-04-15 20:06:50
70,Bogalusa,30.791,-89.8487,73.4,64,75,6.91,US,2021-04-15 20:06:13
71,Bolobo,-2.1667,16.2333,75.18,80,100,2.95,CD,2021-04-15 20:10:35
72,Bourail,-21.5667,165.4833,73.47,92,70,2.68,NC,2021-04-15 20:10:33
73,Boyle,37.6334,-84.8666,55.99,46,75,5.75,US,2021-04-15 20:10:50
74,Bredasdorp,-34.5322,20.0403,62.6,72,11,10.36,ZA,2021-04-15 20:06:35
75,Broken Hill,-31.95,141.4333,51.8,58,100,6.91,AU,2021-04-15 20:08:34
76,Broome,42.2506,-75.833,43.0,87,90,9.22,US,2021-04-15 20:09:47
77,Bubaque,11.2833,-15.8333,77.45,73,43,17.52,GW,2021-04-15 20:08:32
78,Buchanan,5.8808,-10.0467,82.4,83,20,5.64,LR,2021-04-15 20:10:30
79,Bukachacha,52.9833,116.9167,22.51,52,21,3.78,RU,2021-04-15 20:10:19
80,Bull Savanna,17.8868,-77.5902,81.72,51,26,9.4,JM,2021-04-15 20:09:37
81,Buraidah,26.326,43.975,75.2,27,0,4.61,SA,2021-04-15 20:09:26
82,Burē,10.7,37.0667,66.2,51,93,6.2,ET,2021-04-15 20:10:06
83,Busselton,-33.65,115.3333,55.99,95,56,8.68,AU,2021-04-15 20:05:37
84,Butaritari,3.0707,172.7902,82.22,74,100,9.22,KI,2021-04-15 20:05:38
85,Buşayrā,30.7376,35.6078,64.49,25,100,4.0,JO,2021-04-15 20:10:52
86,Bāfq,31.6128,55.4107,68.88,37,0,6.35,IR,2021-04-15 20:10:03
87,Cabo San Lucas,22.8909,-109.9124,86.0,23,40,12.66,MX,2021-04-15 20:06:42
88,Cabra,37.4725,-4.4421,57.2,94,90,4.61,ES,2021-04-15 20:09:25
89,Calama,-22.4667,-68.9333,73.4,20,0,23.02,CL,2021-04-15 20:08:53
90,Callaway,30.153,-85.5699,73.0,78,40,10.36,US,2021-04-15 20:09:20
91,Caloundra,-26.8,153.1333,61.0,97,0,5.19,AU,2021-04-15 20:09:03
92,Campoverde,-8.4753,-74.8058,89.6,55,75,3.44,PE,2021-04-15 20:09:23
93,Cananea,30.95,-110.3,73.0,18,100,1.99,MX,2021-04-15 20:10:18
94,Cap Malheureux,-19.9842,57.6142,78.01,86,78,5.99,MU,2021-04-15 20:08:30
95,Cap-aux-Meules,47.3821,-61.8597,39.2,75,17,13.8,CA,2021-04-15 20:08:49
96,Cape Canaveral,28.4058,-80.6048,89.01,57,1,11.5,US,2021-04-15 20:08:47
97,Cape Coral,26.5629,-81.9495,84.0,57,1,13.8,US,2021-04-15 20:06:58
98,Cape Town,-33.9258,18.4232,66.2,72,0,18.41,ZA,2021-04-15 20:01:33
99,Caravelas,-17.7125,-39.2481,77.63,59,98,10.51,BR,2021-04-15 20:10:16
100,Carnarvon,-24.8667,113.6333,73.94,29,0,15.39,AU,2021-04-15 20:07:13
101,Castro,-24.7911,-50.0119,67.93,69,83,6.22,BR,2021-04-15 20:05:40
102,Cayenne,4.9333,-52.3333,82.4,78,90,10.36,GF,2021-04-15 20:04:24
103,Centralia,46.7162,-122.9543,71.01,34,1,8.05,US,2021-04-15 20:09:42
104,Champerico,14.3,-91.9167,93.2,52,40,9.22,GT,2021-04-15 20:08:51
105,Chapada dos Guimarães,-15.4606,-55.7497,86.0,54,40,4.61,BR,2021-04-15 20:10:20
106,Chebenki,51.9337,55.7077,44.6,61,0,6.71,RU,2021-04-15 20:09:07
107,Cherskiy,68.75,161.3,16.3,94,100,6.13,RU,2021-04-15 20:05:45
108,Chifeng,42.2683,118.9636,36.99,46,30,25.3,CN,2021-04-15 20:09:48
109,Chokurdakh,70.6333,147.9167,-20.85,100,65,1.28,RU,2021-04-15 20:07:01
110,Chui,-33.6971,-53.4616,69.03,87,100,4.56,UY,2021-04-15 20:05:44
111,Cidreira,-30.1811,-50.2056,73.29,69,100,13.04,BR,2021-04-15 20:05:51
112,Clyde River,70.4692,-68.5914,6.8,72,20,25.32,CA,2021-04-15 20:06:57
113,Coahuayana Viejo,18.7333,-103.6833,89.6,40,1,11.5,MX,2021-04-15 20:10:23
114,Coari,-4.085,-63.1414,84.16,76,96,0.83,BR,2021-04-15 20:10:01
115,Cockburn Town,21.4612,-71.1419,78.8,53,20,6.91,TC,2021-04-15 20:08:59
116,Codrington,-38.2667,141.9667,54.59,56,100,9.46,AU,2021-04-15 20:06:02
117,Constitución,-35.3333,-72.4167,66.63,62,6,14.45,CL,2021-04-15 20:05:56
118,Coquimbo,-29.9533,-71.3436,60.8,77,75,12.66,CL,2021-04-15 20:03:16
119,Coyhaique,-45.5752,-72.0662,55.4,58,75,5.75,CL,2021-04-15 20:06:46
120,Cravo Norte,6.3017,-70.2041,88.95,49,92,3.71,CO,2021-04-15 20:10:15
121,Cuamba,-14.8031,36.5372,67.68,78,94,3.13,MZ,2021-04-15 20:10:25
122,Darhan,49.4867,105.9228,28.72,50,0,9.62,MN,2021-04-15 20:10:33
123,Denpasar,-8.65,115.2167,80.6,89,40,3.44,ID,2021-04-15 20:10:49
124,Departamento de Maldonado,-34.6667,-54.9167,75.99,78,40,9.22,UY,2021-04-15 20:06:13
125,Dickinson,29.4608,-95.0513,71.01,73,90,12.66,US,2021-04-15 20:10:50
126,Dickson,36.077,-87.3878,62.01,36,1,4.61,US,2021-04-15 20:10:07
127,Dikson,73.5069,80.5464,-10.16,95,100,17.87,RU,2021-04-15 20:06:12
128,Dingle,10.9995,122.6711,76.32,89,100,5.06,PH,2021-04-15 20:06:13
129,Djambala,-2.5447,14.7533,71.49,85,100,4.97,CG,2021-04-15 20:09:43
130,Donskoye,45.4552,41.9741,50.0,76,40,11.18,RU,2021-04-15 20:10:36
131,Dudinka,69.4058,86.1778,-12.12,92,100,19.26,RU,2021-04-15 20:10:42
132,Dunedin,-45.8742,170.5036,54.0,75,55,3.0,NZ,2021-04-15 20:10:47
133,Dwārka,22.2394,68.9678,80.22,77,0,10.63,IN,2021-04-15 20:10:04
134,Dzaoudzi,-12.7887,45.2699,78.8,89,15,3.44,YT,2021-04-15 20:08:19
135,East London,-33.0153,27.9116,67.17,75,100,24.61,ZA,2021-04-15 20:09:22
136,Elizabeth City,36.2946,-76.2511,68.0,68,90,3.44,US,2021-04-15 20:05:48
137,Emerald,-23.5333,148.1667,60.8,77,0,5.75,AU,2021-04-15 20:09:27
138,Española,35.9911,-106.0806,66.0,8,75,16.11,US,2021-04-15 20:05:50
139,Esperance,-33.8667,121.9,51.8,93,13,5.75,AU,2021-04-15 20:05:22
140,Eureka,40.8021,-124.1637,63.0,65,0,8.01,US,2021-04-15 20:10:07
141,Evensk,61.95,159.2333,22.23,95,100,3.94,RU,2021-04-15 20:09:55
142,Faanui,-16.4833,-151.75,82.2,74,21,14.16,PF,2021-04-15 20:07:50
143,Fairbanks,64.8378,-147.7164,46.4,56,40,2.3,US,2021-04-15 20:02:57
144,Farafangana,-22.8167,47.8333,74.79,88,18,6.53,MG,2021-04-15 20:10:19
145,Farnham,51.2143,-0.7959,41.0,75,60,4.61,GB,2021-04-15 20:10:42
146,Faro,37.0194,-7.9322,62.6,88,20,5.75,PT,2021-04-15 20:06:50
147,Fenoarivo,-18.933,47.4354,62.6,94,75,2.3,MG,2021-04-15 20:08:58
148,Flinders,-34.5833,150.8552,57.2,54,43,10.36,AU,2021-04-15 20:09:30
149,Fonte Boa,-2.4959,-66.2662,78.62,88,99,3.62,BR,2021-04-15 20:07:08
150,Fort Nelson,58.8053,-122.7002,51.8,43,40,2.04,CA,2021-04-15 20:07:34
151,Fortuna,40.5982,-124.1573,62.01,72,1,12.66,US,2021-04-15 20:08:17
152,Fraserburgh,57.6874,-2.0184,41.0,75,14,15.84,GB,2021-04-15 20:09:53
153,Garmsār,35.2182,52.3409,70.05,21,100,7.47,IR,2021-04-15 20:08:33
154,General Roca,-39.0333,-67.5833,77.0,36,0,6.91,AR,2021-04-15 20:09:51
155,George Town,5.4112,100.3354,80.6,89,20,4.61,MY,2021-04-15 20:05:33
156,Geraldton,-28.7667,114.6,62.6,59,2,11.5,AU,2021-04-15 20:09:31
157,Ginir,7.1333,40.7,58.68,79,19,5.01,ET,2021-04-15 20:08:39
158,Glens Falls,43.3095,-73.644,51.01,93,90,4.61,US,2021-04-15 20:10:11
159,Goderich,43.7501,-81.7165,37.4,93,100,11.5,CA,2021-04-15 20:09:41
160,Goundam,16.4145,-3.6708,93.81,14,98,5.53,ML,2021-04-15 20:09:38
161,Graham,47.0529,-122.2943,73.99,28,1,6.91,US,2021-04-15 20:08:16
162,Grand Gaube,-20.0064,57.6608,78.01,86,76,5.01,MU,2021-04-15 20:09:58
163,Grand Island,40.925,-98.342,51.8,43,40,11.5,US,2021-04-15 20:06:11
164,Grand-Santi,4.25,-54.3833,79.18,95,100,3.62,GF,2021-04-15 20:08:49
165,Greater Sudbury,46.49,-80.99,41.0,93,90,13.8,CA,2021-04-15 20:05:05
166,Grindavik,63.8424,-22.4338,46.4,100,90,29.93,IS,2021-04-15 20:09:22
167,Guerrero Negro,27.9769,-114.0611,65.79,50,94,17.65,MX,2021-04-15 20:09:56
168,Gunjur,13.2019,-16.7339,73.4,78,18,10.36,GM,2021-04-15 20:09:01
169,Hambantota,6.1241,81.1185,79.61,82,98,8.03,LK,2021-04-15 20:06:09
170,Hanstholm,57.1167,8.6167,39.0,54,8,8.93,DK,2021-04-15 20:08:57
171,Harper,4.375,-7.7169,81.79,77,85,7.92,LR,2021-04-15 20:10:39
172,Hasaki,35.7333,140.8333,44.6,93,40,6.91,JP,2021-04-15 20:07:22
173,Hastings,50.8552,0.5729,41.0,75,9,11.5,GB,2021-04-15 20:10:45
174,Haukipudas,65.1765,25.3523,35.6,69,0,3.44,FI,2021-04-15 20:10:24
175,Havre-St-Pierre,50.2334,-63.5986,39.2,75,1,14.97,CA,2021-04-15 20:08:52
176,Hemsedal,60.8629,8.5534,24.12,81,14,5.08,NO,2021-04-15 20:09:30
177,Heraclea,37.5133,34.0467,57.02,40,84,6.76,TR,2021-04-15 20:10:50
178,Hermanus,-34.4187,19.2345,64.99,76,11,8.01,ZA,2021-04-15 20:05:46
179,Hervey Bay,-25.2986,152.8535,63.0,88,0,3.0,AU,2021-04-15 20:10:43
180,Hilo,19.7297,-155.09,75.0,68,90,4.61,US,2021-04-15 20:01:49
181,Hirara,24.8,125.2833,73.53,83,95,16.98,JP,2021-04-15 20:09:49
182,Hithadhoo,-0.6,73.0833,82.36,69,57,4.7,MV,2021-04-15 20:05:26
183,Hobart,-42.8794,147.3294,44.6,65,75,8.05,AU,2021-04-15 20:06:05
184,Hobyo,5.3505,48.5268,82.45,64,44,11.92,SO,2021-04-15 20:07:43
185,Hofn,64.2539,-15.2082,45.05,97,100,26.33,IS,2021-04-15 20:08:21
186,Holeby,54.7115,11.4642,44.01,73,89,9.4,DK,2021-04-15 20:08:29
187,Hong Kong,22.2855,114.1577,73.0,94,100,1.01,HK,2021-04-15 20:03:58
188,Honghu,29.8206,113.4621,60.6,89,88,1.03,CN,2021-04-15 20:08:43
189,Honiara,-9.4333,159.95,77.38,83,9,2.95,SB,2021-04-15 20:10:06
190,Honāvar,14.2833,74.45,81.97,78,50,3.71,IN,2021-04-15 20:10:12
191,Horasan,40.0458,42.1728,45.88,66,85,1.54,TR,2021-04-15 20:09:52
192,Houma,29.5958,-90.7195,71.01,83,90,6.91,US,2021-04-15 20:07:10
193,Howard Springs,-12.497,131.047,75.99,94,90,5.75,AU,2021-04-15 20:08:25
194,Hualmay,-11.0964,-77.6139,71.91,73,99,10.29,PE,2021-04-15 20:08:21
195,Husavik,66.0449,-17.3389,51.8,62,40,27.63,IS,2021-04-15 20:10:39
196,Hwange,-18.3693,26.5019,65.68,40,0,3.8,ZW,2021-04-15 20:10:20
197,Ilhabela,-23.7781,-45.3581,75.33,68,49,9.82,BR,2021-04-15 20:08:17
198,Ilulissat,69.2167,-51.1,12.2,67,90,6.91,GL,2021-04-15 20:06:37
199,Inhambane,-23.865,35.3833,71.6,83,0,5.84,MZ,2021-04-15 20:09:44
200,Inta,66.0317,60.1659,15.55,89,17,5.1,RU,2021-04-15 20:07:16
201,Iqaluit,63.7506,-68.5145,6.8,72,75,20.71,CA,2021-04-15 20:06:21
202,Iquique,-20.2208,-70.1431,69.8,56,0,14.97,CL,2021-04-15 20:09:32
203,Iracoubo,5.4802,-53.2011,79.34,84,98,14.63,GF,2021-04-15 20:07:30
204,Iranshahr,27.2025,60.6848,82.4,24,59,6.91,IR,2021-04-15 20:08:40
205,Isangel,-19.55,169.2667,79.16,85,10,5.41,VU,2021-04-15 20:09:05
206,Iskateley,67.6803,53.1512,19.31,88,20,11.92,RU,2021-04-15 20:10:34
207,Itapaci,-14.9508,-49.5494,81.48,68,88,0.43,BR,2021-04-15 20:08:56
208,Itarema,-2.9248,-39.9167,81.5,78,88,12.46,BR,2021-04-15 20:09:34
209,Itoman,26.1247,127.6694,68.0,88,75,10.36,JP,2021-04-15 20:08:41
210,Ivanteyevka,55.9711,37.9208,54.0,66,0,15.66,RU,2021-04-15 20:09:16
211,Jagüey Grande,22.5269,-81.1286,86.0,51,20,13.8,CU,2021-04-15 20:10:18
212,Jalu,29.0331,21.5482,77.36,18,96,9.62,LY,2021-04-15 20:07:57
213,Jamestown,42.097,-79.2353,44.01,56,90,13.8,US,2021-04-15 20:03:44
214,Kabanjahe,3.1001,98.4908,77.0,100,40,5.75,ID,2021-04-15 20:10:25
215,Kaeo,-35.1,173.7833,55.99,96,11,2.73,NZ,2021-04-15 20:07:41
216,Kahului,20.8947,-156.47,78.8,57,40,16.11,US,2021-04-15 20:03:47
217,Kaili,-3.4626,120.2147,65.52,95,100,3.22,ID,2021-04-15 20:10:27
218,Kaitangata,-46.2817,169.8464,46.56,91,28,4.85,NZ,2021-04-15 20:08:48
219,Kalmar,56.6616,16.3616,39.2,65,97,6.91,SE,2021-04-15 20:10:32
220,Kaniv,49.7518,31.46,47.97,75,100,2.8,UA,2021-04-15 20:10:45
221,Kapaa,22.0752,-159.319,78.8,61,40,9.22,US,2021-04-15 20:05:16
222,Kapoeta,4.7717,33.5903,76.24,62,84,6.85,SS,2021-04-15 20:10:29
223,Karratha,-20.7377,116.8463,79.81,46,0,14.47,AU,2021-04-15 20:05:39
224,Kasongo,-4.45,26.6667,69.44,94,78,2.46,CD,2021-04-15 20:10:01
225,Katakwi,1.8911,33.9661,72.5,63,87,7.2,UG,2021-04-15 20:10:36
226,Katsuura,35.1333,140.3,52.0,66,75,9.22,JP,2021-04-15 20:08:28
227,Kavieng,-2.5744,150.7967,80.06,81,100,7.0,PG,2021-04-15 20:09:05
228,Kemijärvi,66.7131,27.4306,31.17,96,15,5.35,FI,2021-04-15 20:09:59
229,Kenai,60.5544,-151.2583,41.0,81,90,6.91,US,2021-04-15 20:09:53
230,Kerema,-7.9631,145.7785,76.12,88,42,5.99,PG,2021-04-15 20:09:56
231,Ketchikan,55.3422,-131.6461,48.2,81,1,14.97,US,2021-04-15 20:08:22
232,Khani,41.9563,42.9566,57.2,67,75,9.22,GE,2021-04-15 20:08:18
233,Khatanga,71.9667,102.5,9.68,94,100,12.64,RU,2021-04-15 20:06:43
234,Kholtoson,50.2981,103.3097,18.77,72,24,3.69,RU,2021-04-15 20:10:51
235,Khor,47.8861,134.9464,35.53,49,100,6.89,RU,2021-04-15 20:10:53
236,Khovd,48.0056,91.6419,37.13,42,3,2.28,MN,2021-04-15 20:09:46
237,Khovu-Aksy,51.1333,93.6,31.26,70,48,4.45,RU,2021-04-15 20:09:32
238,Khromtau,50.2503,58.4347,48.58,51,8,6.24,KZ,2021-04-15 20:08:22
239,Khyriv,49.5333,22.8524,35.01,100,100,8.28,UA,2021-04-15 20:09:47
240,Kidal,18.4411,1.4078,92.89,6,100,5.55,ML,2021-04-15 20:09:48
241,Kindersley,51.4668,-109.1682,55.4,26,20,10.36,CA,2021-04-15 20:04:48
242,Kiryat Gat,31.61,34.7642,69.01,66,100,5.03,IL,2021-04-15 20:06:25
243,Kjøpsvik,68.097,16.3742,41.0,87,90,9.22,NO,2021-04-15 20:08:28
244,Klaksvík,62.2266,-6.589,44.6,93,90,18.41,FO,2021-04-15 20:09:16
245,Kodinsk,58.6881,99.1844,33.66,95,100,13.8,RU,2021-04-15 20:09:49
246,Korla,41.7597,86.1469,57.49,30,86,9.37,CN,2021-04-15 20:08:53
247,Koshki,54.2091,50.4677,55.13,60,67,4.09,RU,2021-04-15 20:08:55
248,Kropotkin,45.4375,40.5756,50.59,82,57,6.76,RU,2021-04-15 20:10:26
249,Kruisfontein,-34.0033,24.7314,64.0,83,100,1.01,ZA,2021-04-15 20:07:06
250,Kulhudhuffushi,6.6221,73.07,83.1,72,43,4.97,MV,2021-04-15 20:10:00
251,Kumano,34.3442,132.5894,48.99,71,75,6.91,JP,2021-04-15 20:09:00
252,Kumul,42.8,93.45,52.21,15,14,8.75,CN,2021-04-15 20:09:34
253,Kununurra,-15.7667,128.7333,66.2,94,99,1.77,AU,2021-04-15 20:00:50
254,Kutum,14.2,24.6667,73.51,6,0,10.98,SD,2021-04-15 20:09:14
255,La Asuncion,11.0333,-63.8628,81.55,74,100,14.85,VE,2021-04-15 20:05:17
256,La Libertad,-2.2333,-80.9,80.6,78,0,11.5,EC,2021-04-15 20:09:31
257,La Orilla,17.9833,-102.2333,85.75,46,0,11.41,MX,2021-04-15 20:09:13
258,La Romana,18.4273,-68.9728,86.0,58,40,4.61,DO,2021-04-15 20:08:54
259,La Ronge,55.1001,-105.2842,51.8,34,1,10.36,CA,2021-04-15 20:10:02
260,La Santisima Trinidad,-14.8333,-64.9,86.85,61,29,4.38,BO,2021-04-15 20:10:15
261,Laas,46.6166,10.7002,41.0,74,0,4.32,IT,2021-04-15 20:10:25
262,Labuhan,-6.8844,112.2051,76.75,87,86,5.37,ID,2021-04-15 20:08:52
263,Lagoa,39.05,-27.9833,62.89,80,35,4.61,PT,2021-04-15 20:07:31
264,Laguna,38.421,-121.4238,72.0,32,1,9.22,US,2021-04-15 20:08:46
265,Lake Cowichan,48.825,-124.0546,66.0,36,1,5.75,CA,2021-04-15 20:09:57
266,Lamu,-2.2717,40.902,81.05,81,91,10.22,KE,2021-04-15 20:09:21
267,Lao Cai,22.4833,103.95,76.35,94,100,1.43,VN,2021-04-15 20:09:50
268,Lata,40.1629,-8.3327,61.0,91,42,8.01,PT,2021-04-15 20:10:22
269,Lavrentiya,65.5833,-171.0,13.42,91,61,5.57,RU,2021-04-15 20:05:36
270,Le Moule,16.3332,-61.3473,82.4,74,75,12.66,GP,2021-04-15 20:08:38
271,Le Vauclin,14.5452,-60.8388,86.0,66,75,13.8,MQ,2021-04-15 20:10:11
272,Lebu,-37.6167,-73.65,59.02,76,56,11.99,CL,2021-04-15 20:06:17
273,Leningradskiy,69.3833,178.4167,21.31,89,100,8.7,RU,2021-04-15 20:07:49
274,Lishui,28.4604,119.9103,59.67,93,95,0.74,CN,2021-04-15 20:10:08
275,Lismore,-28.8135,153.2773,61.0,94,90,5.75,AU,2021-04-15 20:10:38
276,Livingstonia,-10.606,34.1063,63.28,87,100,6.87,MW,2021-04-15 20:09:41
277,Lompoc,34.6391,-120.4579,62.01,72,2,16.11,US,2021-04-15 20:08:33
278,Longjiang,47.3303,123.1836,46.22,68,100,14.54,CN,2021-04-15 20:09:59
279,Longyearbyen,78.2186,15.6401,23.0,68,75,10.36,SJ,2021-04-15 20:08:16
280,Lorengau,-2.0226,147.2712,80.56,78,100,6.64,PG,2021-04-15 20:09:11
281,Los Llanos de Aridane,28.6585,-17.9182,68.0,73,40,18.41,ES,2021-04-15 20:06:08
282,Lynn Haven,30.2455,-85.6483,73.0,83,90,9.22,US,2021-04-15 20:10:21
283,Lázaro Cárdenas,17.9583,-102.2,85.51,48,0,11.36,MX,2021-04-15 20:09:17
284,Lüderitz,-26.6481,15.1594,77.38,32,64,7.45,NA,2021-04-15 20:08:44
285,Lüshunkou,38.8,121.2667,46.4,76,40,13.42,CN,2021-04-15 20:09:24
286,Lānja,16.85,73.55,76.01,83,6,1.36,IN,2021-04-15 20:08:32
287,Maceió,-9.6658,-35.7353,78.8,83,20,5.75,BR,2021-04-15 20:07:20
288,Mackenzie,55.2999,-123.1698,51.8,43,1,6.91,CA,2021-04-15 20:08:57
289,Mahdasht,35.7299,50.8111,59.0,23,0,6.91,IR,2021-04-15 20:08:44
290,Mahon,39.8885,4.2658,55.4,76,40,11.5,ES,2021-04-15 20:10:23
291,Mahébourg,-20.4081,57.7,77.0,94,75,8.05,MU,2021-04-15 20:06:47
292,Makakilo City,21.3469,-158.0858,80.6,50,1,6.91,US,2021-04-15 20:08:26
293,Makkah al Mukarramah,21.4267,39.8261,82.51,44,100,2.19,SA,2021-04-15 20:05:46
294,Malanville,11.8685,3.3899,94.15,16,4,7.38,BJ,2021-04-15 20:10:31
295,Mananjary,-21.2167,48.3333,74.53,89,11,3.76,MG,2021-04-15 20:08:42
296,Manbij,36.5281,37.9549,51.8,66,0,6.82,SY,2021-04-15 20:08:24
297,Mangai,-4.05,19.5333,72.19,84,57,2.66,CD,2021-04-15 20:09:25
298,Manicoré,-5.8092,-61.3003,83.84,81,100,1.74,BR,2021-04-15 20:10:04
299,Maniitsoq,65.4167,-52.9,15.98,71,94,27.89,GL,2021-04-15 20:06:55
300,Mankono,8.0586,-6.1897,85.06,46,71,3.4,CI,2021-04-15 20:09:28
301,Manzini,-26.25,31.5,73.4,78,12,2.3,SZ,2021-04-15 20:09:27
302,Mar del Plata,-38.0023,-57.5575,75.2,57,40,8.05,AR,2021-04-15 20:05:39
303,Marawi,7.9986,124.2928,75.99,92,100,1.99,PH,2021-04-15 20:10:30
304,Margate,51.3813,1.3862,46.0,71,20,5.01,GB,2021-04-15 20:06:26
305,Mariehamn,60.0973,19.9348,33.8,75,0,5.75,AX,2021-04-15 20:09:41
306,Mariāni,26.6667,94.3333,77.07,46,100,4.68,IN,2021-04-15 20:09:35
307,Marolambo,-20.05,48.1167,69.69,98,99,1.83,MG,2021-04-15 20:10:13
308,Marsh Harbour,26.5412,-77.0636,74.79,61,5,10.87,BS,2021-04-15 20:08:19
309,Marzuq,14.4,46.4667,69.98,62,56,6.8,YE,2021-04-15 20:10:16
310,Mataura,-46.1927,168.8643,50.0,95,74,1.01,NZ,2021-04-15 20:08:20
311,Mauá,-23.6678,-46.4614,69.01,77,75,12.66,BR,2021-04-15 20:10:52
312,Maxixe,-23.8597,35.3472,71.6,83,0,5.14,MZ,2021-04-15 20:08:47
313,Mayumba,-3.432,10.6554,79.57,86,95,2.84,GA,2021-04-15 20:10:17
314,Mazagão,-0.115,-51.2894,75.2,100,90,4.61,BR,2021-04-15 20:08:59
315,Mehamn,71.0357,27.8492,35.6,87,75,18.41,NO,2021-04-15 20:10:12
316,Melong,5.1218,9.9614,70.32,92,100,2.28,CM,2021-04-15 20:09:10
317,Mercedes,-34.6515,-59.4307,80.01,52,0,1.99,AR,2021-04-15 20:08:54
318,Merrill,45.1805,-89.6835,48.99,57,90,9.22,US,2021-04-15 20:04:39
319,Meulaboh,4.1363,96.1285,78.96,81,100,2.68,ID,2021-04-15 20:05:06
320,Mezen',65.8522,44.24,30.42,90,100,4.52,RU,2021-04-15 20:09:04
321,Mgandu,-5.95,34.1333,60.71,96,86,4.5,TZ,2021-04-15 20:08:55
322,Micheweni,-4.9667,39.8333,79.88,82,88,11.18,TZ,2021-04-15 20:06:19
323,Mikhaylovka,50.06,43.2379,55.0,73,100,4.99,RU,2021-04-15 20:08:52
324,Mildura,-34.2,142.15,50.0,87,0,5.75,AU,2021-04-15 20:06:10
325,Millinocket,45.6573,-68.7098,62.6,23,1,12.66,US,2021-04-15 20:06:39
326,Mitchell,43.7094,-98.0298,44.6,57,90,9.22,US,2021-04-15 20:05:13
327,Moba,33.2288,105.0179,43.97,65,100,2.19,CN,2021-04-15 20:10:14
328,Monte Redondo,39.8993,-8.8317,62.6,77,40,10.36,PT,2021-04-15 20:08:31
329,Mopipi,-21.1833,24.8833,75.04,28,0,12.48,BW,2021-04-15 20:10:26
330,Morro Bay,35.3658,-120.8499,70.0,79,5,11.99,US,2021-04-15 20:10:35
331,Mossamedes,-15.1961,12.1522,80.44,81,8,8.1,AO,2021-04-15 20:06:14
332,Mount Gambier,-37.8333,140.7667,46.4,93,90,5.75,AU,2021-04-15 20:10:03
333,Mount Isa,-20.7333,139.5,73.4,18,0,8.05,AU,2021-04-15 20:06:28
334,Mpraeso,6.5932,-0.7346,76.06,74,48,3.71,GH,2021-04-15 20:09:26
335,Muriwai Beach,-36.8167,174.45,64.0,83,0,11.54,NZ,2021-04-15 20:10:40
336,Mykolayivka,47.5414,30.7561,43.2,92,77,12.06,UA,2021-04-15 20:10:34
337,Māngrol,21.1167,70.1167,78.6,76,0,9.53,IN,2021-04-15 20:09:09
338,Nabire,-3.3667,135.4833,74.53,88,96,4.09,ID,2021-04-15 20:09:30
339,Najrān,17.4924,44.1277,84.2,20,83,4.61,SA,2021-04-15 20:05:17
340,Namatanai,-3.6667,152.4333,78.84,79,94,3.87,PG,2021-04-15 20:07:54
341,Nanortalik,60.1432,-45.2371,27.77,73,28,40.09,GL,2021-04-15 20:08:27
342,Nara,34.6851,135.8049,57.99,54,83,10.47,JP,2021-04-15 20:10:28
343,Narsaq,60.9167,-46.05,35.6,38,75,20.71,GL,2021-04-15 20:05:18
344,Neiafu,-18.65,-173.9833,77.0,83,20,2.3,TO,2021-04-15 20:09:29
345,Neuquén,-38.9516,-68.0591,77.0,36,0,6.91,AR,2021-04-15 20:05:48
346,New Norfolk,-42.7826,147.0587,42.01,83,45,1.01,AU,2021-04-15 20:07:24
347,Ngunguru,-35.6167,174.5,57.0,96,9,1.01,NZ,2021-04-15 20:09:53
348,Nikolskoye,59.7035,30.7861,42.8,33,0,8.95,RU,2021-04-15 20:07:28
349,Nioro,13.35,-15.75,84.83,35,100,12.1,GM,2021-04-15 20:08:38
350,Nipawin,53.3668,-104.0009,44.6,53,1,9.22,CA,2021-04-15 20:09:13
351,Nishihara,26.1842,127.7558,68.0,88,75,6.91,JP,2021-04-15 20:09:56
352,Nizwá,22.9333,57.5333,82.08,18,0,1.36,OM,2021-04-15 20:09:54
353,Nong Ki,14.6868,102.538,86.0,100,5,4.74,TH,2021-04-15 20:09:00
354,Norman Wells,65.282,-126.8329,41.0,60,75,3.44,CA,2021-04-15 20:08:29
355,North Bend,43.4065,-124.2243,60.01,58,1,10.36,US,2021-04-15 20:07:12
356,Northam,51.0333,-4.2167,43.0,75,6,1.99,GB,2021-04-15 20:09:57
357,Noumea,-22.2763,166.4572,77.0,100,90,8.72,NC,2021-04-15 20:08:30
358,Novoagansk,61.9449,76.6625,31.66,79,100,9.42,RU,2021-04-15 20:08:39
359,Novoaleksandrovsk,45.4948,41.2207,52.81,79,85,5.08,RU,2021-04-15 20:10:21
360,Nueve de Julio,-35.4444,-60.8831,76.46,48,0,2.8,AR,2021-04-15 20:10:26
361,Oga,46.4631,10.347,42.01,68,75,4.61,IT,2021-04-15 20:10:55
362,Oktyabr'skiy,54.4815,53.471,51.89,60,42,3.89,RU,2021-04-15 20:10:09
363,Ola,59.5833,151.2833,19.04,89,100,7.56,RU,2021-04-15 20:09:50
364,Olafsvik,64.8945,-23.7142,44.35,97,100,20.51,IS,2021-04-15 20:05:34
365,Ongandjera,-17.8833,15.0667,75.04,36,18,8.5,NA,2021-04-15 20:10:30
366,Ormara,25.2088,64.6357,80.11,83,8,6.67,PK,2021-04-15 20:09:24
367,Orocué,4.7912,-71.3354,86.22,58,99,2.77,CO,2021-04-15 20:10:00
368,Oruzgan,32.8333,66.0,57.2,61,100,1.32,AF,2021-04-15 20:09:23
369,Ostrovnoy,68.0531,39.5131,24.39,92,97,4.68,RU,2021-04-15 20:07:55
370,Ouallam,14.3188,2.0866,91.51,6,57,9.78,NE,2021-04-15 20:10:38
371,Owando,-0.4819,15.8999,71.96,93,99,5.03,CG,2021-04-15 20:10:47
372,Pa Daet,19.5049,99.9924,80.01,88,0,3.36,TH,2021-04-15 20:10:35
373,Paamiut,61.994,-49.6678,22.59,71,99,38.45,GL,2021-04-15 20:05:29
374,Pacasmayo,-7.4006,-79.5714,72.86,70,57,12.88,PE,2021-04-15 20:09:08
375,Padang,-0.9492,100.3543,76.64,83,100,2.28,ID,2021-04-15 20:10:37
376,Palmer,42.1584,-72.3287,46.99,93,90,12.66,US,2021-04-15 20:05:11
377,Pandan,14.0453,124.1694,78.1,88,100,8.05,PH,2021-04-15 20:10:27
378,Pandhāna,21.7,76.2167,83.75,27,5,8.43,IN,2021-04-15 20:10:22
379,Pangnirtung,66.1451,-65.7125,3.2,66,20,11.5,CA,2021-04-15 20:07:07
380,Pangody,65.85,74.4859,5.29,91,95,17.22,RU,2021-04-15 20:10:08
381,Paracuru,-3.41,-39.0306,82.99,75,100,18.99,BR,2021-04-15 20:07:10
382,Pareora,-44.4871,171.2132,48.99,82,94,4.0,NZ,2021-04-15 20:09:44
383,Pedasí,7.5333,-80.0333,83.08,71,95,6.98,PA,2021-04-15 20:09:33
384,Pemangkat,1.1667,108.9667,77.02,86,78,4.29,ID,2021-04-15 20:09:12
385,Pemba,-12.974,40.5178,75.2,83,40,5.75,MZ,2021-04-15 20:08:36
386,Petropavlovsk-Kamchatskiy,53.0452,158.6483,32.0,100,90,4.47,RU,2021-04-15 20:08:50
387,Pevek,69.7008,170.3133,18.99,77,100,23.02,RU,2021-04-15 20:05:57
388,Pinawa,50.1489,-95.8811,45.16,67,91,4.25,CA,2021-04-15 20:10:53
389,Pirovskoye,57.6267,92.2658,38.71,92,100,14.94,RU,2021-04-15 20:08:28
390,Pisco,-13.7,-76.2167,71.6,73,0,10.36,PE,2021-04-15 20:05:01
391,Pitkyaranta,61.5734,31.4792,31.35,89,5,4.99,RU,2021-04-15 20:09:46
392,Plettenberg Bay,-34.0527,23.3716,62.91,80,100,6.58,ZA,2021-04-15 20:08:41
393,Pochutla,15.7432,-96.4661,91.99,40,20,11.5,MX,2021-04-15 20:10:13
394,Ponta Delgada,37.7333,-25.6667,62.6,88,40,8.05,PT,2021-04-15 20:08:47
395,Ponta do Sol,32.6667,-17.1,64.4,72,40,10.36,PT,2021-04-15 20:09:06
396,Pontes e Lacerda,-15.2261,-59.3353,81.64,70,79,1.61,BR,2021-04-15 20:09:09
397,Porbandar,21.6422,69.6093,79.68,75,0,7.83,IN,2021-04-15 20:08:44
398,Port Alfred,-33.5906,26.891,67.66,55,98,23.98,ZA,2021-04-15 20:08:24
399,Port Augusta,-32.5,137.7667,57.2,100,90,4.61,AU,2021-04-15 20:09:04
400,Port Blair,11.6667,92.75,82.24,74,99,5.26,IN,2021-04-15 20:08:26
401,Port Elizabeth,-33.918,25.5701,62.6,88,90,8.05,ZA,2021-04-15 20:09:04
402,Port Hardy,50.6996,-127.4199,50.0,66,1,5.75,CA,2021-04-15 20:03:18
403,Port Hawkesbury,45.6169,-61.3485,48.0,61,1,8.05,CA,2021-04-15 20:08:34
404,Port Hedland,-20.3167,118.5667,77.0,53,3,9.22,AU,2021-04-15 20:10:11
405,Port Lincoln,-34.7333,135.8667,57.99,83,10,5.17,AU,2021-04-15 20:09:54
406,Port-Gentil,-0.7193,8.7815,82.4,83,20,6.91,GA,2021-04-15 20:09:44
407,Porto Empedocle,37.2934,13.5264,51.01,91,100,9.13,IT,2021-04-15 20:10:28
408,Porto Velho,-8.7619,-63.9039,89.6,58,40,2.3,BR,2021-04-15 20:08:18
409,Porto-Novo,6.4965,2.6036,86.0,70,20,13.8,BJ,2021-04-15 20:10:44
410,Presidencia Roque Sáenz Peña,-26.7852,-60.4388,76.95,75,96,6.85,AR,2021-04-15 20:08:49
411,Provideniya,64.3833,-173.3,15.8,79,75,4.47,RU,2021-04-15 20:07:37
412,Provost,52.3501,-110.2683,59.0,23,0,4.61,CA,2021-04-15 20:09:42
413,Puerto Ayora,-0.7393,-90.3518,80.01,89,75,4.61,EC,2021-04-15 20:06:09
414,Punta Arenas,-53.15,-70.9167,53.6,66,75,11.5,CL,2021-04-15 20:05:35
415,Pyshchug,58.8873,45.7134,38.44,74,99,9.13,RU,2021-04-15 20:10:10
416,Qaanaaq,77.484,-69.3632,1.53,75,9,3.22,GL,2021-04-15 20:05:31
417,Qandala,11.472,49.8728,82.63,66,0,3.0,SO,2021-04-15 20:08:34
418,Quatre Cocos,-20.2078,57.7625,78.01,94,75,8.05,MU,2021-04-15 20:09:21
419,Rairangpur,22.2676,86.1751,82.38,30,100,5.55,IN,2021-04-15 20:08:16
420,Rantauprapat,2.1,99.8333,72.25,97,99,2.26,ID,2021-04-15 20:05:07
421,Raudeberg,61.9875,5.1352,39.0,86,100,3.6,NO,2021-04-15 20:08:27
422,Rawson,-43.3002,-65.1023,67.48,28,0,6.46,AR,2021-04-15 20:05:41
423,Redlands,34.0556,-117.1825,68.0,34,40,3.44,US,2021-04-15 20:09:13
424,Ribeira Grande,38.5167,-28.7,64.4,82,75,5.75,PT,2021-04-15 20:05:54
425,Rikitea,-23.1203,-134.9692,77.94,74,74,7.94,PF,2021-04-15 20:04:36
426,Rio Claro,-22.4114,-47.5614,86.0,42,0,6.91,BR,2021-04-15 20:09:02
427,Rio Grande,-32.035,-52.0986,69.8,88,75,6.91,BR,2021-04-15 20:10:56
428,Riyadh,24.6877,46.7219,77.0,23,0,5.75,SA,2021-04-15 20:09:57
429,Roebourne,-20.7833,117.1333,79.5,48,0,15.05,AU,2021-04-15 20:10:28
430,Rome,43.2128,-75.4557,42.8,81,90,12.66,US,2021-04-15 20:05:50
431,Rosetta,31.4044,30.4164,66.2,68,0,6.91,EG,2021-04-15 20:10:52
432,Rzhev,56.2624,34.3282,45.73,87,100,16.82,RU,2021-04-15 20:10:00
433,Rāmjībanpur,22.8333,87.6167,80.04,66,74,7.0,IN,2021-04-15 20:10:22
434,Safi,32.2994,-9.2372,63.43,82,1,6.58,MA,2021-04-15 20:09:08
435,Saint Anthony,45.0205,-93.218,51.01,57,90,10.36,US,2021-04-15 20:09:33
436,Saint George,37.1041,-113.5841,66.0,16,20,11.5,US,2021-04-15 20:05:13
437,Saint Paul,44.9444,-93.0933,51.01,53,75,9.22,US,2021-04-15 20:08:29
438,Saint Paul Harbor,57.79,-152.4072,39.2,87,90,9.22,US,2021-04-15 20:07:17
439,Saint-Augustin,51.226,-58.6502,37.08,81,98,15.1,CA,2021-04-15 20:09:35
440,Saint-Philippe,-21.3585,55.7679,77.0,78,0,5.75,RE,2021-04-15 20:05:56
441,Sakaiminato,35.55,133.2333,44.6,76,20,5.75,JP,2021-04-15 20:09:12
442,Salalah,17.0151,54.0924,80.6,78,0,4.61,OM,2021-04-15 20:08:43
443,Saldanha,-33.0117,17.9442,66.51,74,24,15.82,ZA,2021-04-15 20:05:32
444,Salinópolis,-0.6136,-47.3561,80.6,84,99,11.18,BR,2021-04-15 20:09:44
445,San Buenaventura,27.0833,-101.5333,91.4,49,40,9.71,MX,2021-04-15 20:10:39
446,San Fernando del Valle de Catamarca,-28.4696,-65.7852,80.01,67,17,1.99,AR,2021-04-15 20:08:59
447,San Juan,-31.5375,-68.5364,83.55,24,0,10.18,AR,2021-04-15 20:04:06
448,San Lorenzo,-25.3333,-57.5333,87.8,62,20,5.75,PY,2021-04-15 20:10:08
449,San Luis,-33.295,-66.3356,80.08,32,0,0.38,AR,2021-04-15 20:10:09
450,San Matías,-16.3667,-58.4,88.79,48,96,2.89,BO,2021-04-15 20:10:09
451,San Miguel de Cozumel,20.5083,-86.9458,87.8,51,40,11.5,MX,2021-04-15 20:09:23
452,San Patricio,28.017,-97.5169,73.4,100,90,18.41,US,2021-04-15 20:06:12
453,Sandwick,60.0,-1.25,44.6,76,100,8.05,GB,2021-04-15 20:09:55
454,Santarém,-2.4431,-54.7083,84.2,79,40,3.44,BR,2021-04-15 20:08:56
455,Santiago del Estero,-27.7951,-64.2615,84.25,47,27,7.14,AR,2021-04-15 20:09:40
456,Saquena,-4.6667,-73.5167,81.79,84,100,2.44,PE,2021-04-15 20:10:54
457,Sarangani,5.4033,125.4636,79.48,84,100,9.93,PH,2021-04-15 20:09:18
458,Sargatskoye,55.6101,73.4972,44.13,92,79,10.63,RU,2021-04-15 20:10:55
459,Saskylakh,71.9167,114.0833,-13.85,100,95,5.64,RU,2021-04-15 20:09:11
460,Sayula,19.8667,-103.6167,89.6,40,1,11.5,MX,2021-04-15 20:10:29
461,Sechura,-5.5569,-80.8222,79.0,59,78,12.37,PE,2021-04-15 20:09:52
462,Seoul,37.5683,126.9778,50.0,53,90,2.3,KR,2021-04-15 20:07:44
463,Sept-Îles,50.2001,-66.3821,46.4,46,20,16.11,CA,2021-04-15 20:09:45
464,Severo-Kuril'sk,50.6789,156.125,28.63,67,35,17.52,RU,2021-04-15 20:08:50
465,Shangzhi,45.2167,127.9667,43.65,46,30,4.88,CN,2021-04-15 20:08:50
466,Shibetsu,43.659,145.132,33.98,66,0,5.93,JP,2021-04-15 20:08:31
467,Shreveport,32.5251,-93.7502,72.0,52,1,6.91,US,2021-04-15 20:08:08
468,Shunyi,40.125,116.6453,53.6,19,0,11.18,CN,2021-04-15 20:10:44
469,Sinnamary,5.3833,-52.95,80.01,83,97,15.21,GF,2021-04-15 20:10:48
470,Siocon,7.7061,122.1353,78.55,88,96,4.09,PH,2021-04-15 20:08:45
471,Sioux Lookout,50.1001,-91.917,42.8,52,75,9.22,CA,2021-04-15 20:09:28
472,Sitka,57.0531,-135.33,44.6,87,75,4.61,US,2021-04-15 20:06:01
473,Skara,58.3866,13.4384,39.99,86,99,4.18,SE,2021-04-15 20:08:23
474,Socorro,31.6546,-106.3033,82.4,11,90,18.41,US,2021-04-15 20:09:07
475,Sosnovo-Ozerskoye,52.5249,111.5418,21.47,81,93,5.91,RU,2021-04-15 20:10:37
476,Souillac,-20.5167,57.5167,77.0,94,75,8.05,MU,2021-04-15 20:07:36
477,South Venice,27.0531,-82.4243,80.01,73,20,11.5,US,2021-04-15 20:09:18
478,Sovetskiy,61.3614,63.5842,34.09,72,5,8.72,RU,2021-04-15 20:09:17
479,Springbok,-29.6643,17.8865,77.4,21,86,5.46,ZA,2021-04-15 20:05:14
480,Srednekolymsk,67.45,153.6833,7.61,94,100,5.03,RU,2021-04-15 20:10:15
481,Sribne,50.6638,32.9187,47.88,81,100,3.11,UA,2021-04-15 20:09:52
482,Staryy Nadym,65.6118,72.6842,10.89,86,98,20.11,RU,2021-04-15 20:08:56
483,Sterling,39.0062,-77.4286,62.6,39,75,20.71,US,2021-04-15 20:10:19
484,Sungai Penuh,-2.0833,101.3833,63.23,96,100,2.42,ID,2021-04-15 20:06:27
485,Sungurlu,40.1675,34.3739,54.73,48,54,4.7,TR,2021-04-15 20:10:17
486,Suozhen,36.9539,118.1047,45.7,46,0,7.87,CN,2021-04-15 20:07:10
487,Sur,22.5667,59.5289,85.08,40,76,13.02,OM,2021-04-15 20:08:32
488,Surgut,61.25,73.4167,33.8,100,75,4.47,RU,2021-04-15 20:08:55
489,Swan Hill,-35.3378,143.5544,49.24,91,0,6.53,AU,2021-04-15 20:09:06
490,São Filipe,14.8961,-24.4956,73.45,73,0,16.96,CV,2021-04-15 20:05:25
491,São João da Barra,-21.6403,-41.0511,77.0,65,20,3.44,BR,2021-04-15 20:07:25
492,São Sebastião,-23.76,-45.4097,75.02,69,55,8.41,BR,2021-04-15 20:08:32
493,Sémbé,1.6481,14.5806,72.88,85,100,2.1,CG,2021-04-15 20:09:24
494,Sørland,67.667,12.6934,41.0,87,75,3.44,NO,2021-04-15 20:06:54
495,Tabuk,17.4189,121.4443,73.11,90,28,0.94,PH,2021-04-15 20:10:18
496,Takapau,-40.0333,176.35,61.0,75,7,8.01,NZ,2021-04-15 20:08:42
497,Taku,39.0211,117.6469,53.6,24,0,4.47,CN,2021-04-15 20:09:14
498,Takāb,36.4009,47.1133,47.61,40,3,4.0,IR,2021-04-15 20:08:56
499,Talcahuano,-36.7167,-73.1167,66.2,68,0,10.36,CL,2021-04-15 20:08:37
500,Talnakh,69.4865,88.3972,-6.52,93,100,21.41,RU,2021-04-15 20:06:31
501,Tambura,5.6,27.4667,73.11,74,28,3.87,SS,2021-04-15 20:09:11
502,Taoudenni,22.6783,-3.9836,88.59,9,0,10.42,ML,2021-04-15 20:06:08
503,Tasiilaq,65.6145,-37.6368,28.4,86,90,19.57,GL,2021-04-15 20:05:14
504,Tautira,-17.7333,-149.15,87.8,66,40,19.57,PF,2021-04-15 20:08:51
505,Te Anau,-45.4167,167.7167,49.87,94,99,4.99,NZ,2021-04-15 20:10:51
506,Terra Rica,-22.7094,-52.6169,84.11,43,5,8.77,BR,2021-04-15 20:10:29
507,Terra Santa,-2.1042,-56.4869,89.1,57,86,3.09,BR,2021-04-15 20:09:02
508,Tessalit,20.1986,1.0114,93.2,7,69,7.78,ML,2021-04-15 20:06:06
509,Teya,60.3778,92.6267,37.72,97,100,17.25,RU,2021-04-15 20:09:39
510,The Valley,18.217,-63.0578,84.2,61,20,12.66,AI,2021-04-15 20:08:38
511,Thompson,55.7435,-97.8558,42.8,26,75,3.44,CA,2021-04-15 20:05:30
512,Thunder Bay,48.4001,-89.3168,51.8,32,75,10.36,CA,2021-04-15 20:08:02
513,Tiksi,71.6872,128.8694,-5.21,100,94,2.48,RU,2021-04-15 20:06:18
514,Togur,58.3631,82.8265,40.24,98,100,11.32,RU,2021-04-15 20:09:22
515,Tolaga Bay,-38.3667,178.3,60.15,70,0,7.74,NZ,2021-04-15 20:09:37
516,Torbay,47.6666,-52.7314,33.01,93,90,21.85,CA,2021-04-15 20:10:11
517,Touba,8.2833,-7.6833,82.45,46,65,3.42,CI,2021-04-15 20:09:47
518,Touros,-5.1989,-35.4608,82.4,74,40,11.5,BR,2021-04-15 20:05:34
519,Tsabong,-26.0217,22.401,78.57,29,87,13.0,BW,2021-04-15 20:08:58
520,Tuatapere,-46.1333,167.6833,50.0,95,100,1.01,NZ,2021-04-15 20:06:40
521,Tuktoyaktuk,69.4541,-133.0374,19.4,93,90,17.27,CA,2021-04-15 20:07:45
522,Tuni,17.35,82.55,77.18,72,26,6.08,IN,2021-04-15 20:08:46
523,Tura,25.5198,90.2201,77.27,44,100,5.46,IN,2021-04-15 20:08:26
524,Tuy Hoa,13.0833,109.3,77.25,81,62,3.83,VN,2021-04-15 20:05:24
525,Tyup,42.7276,78.3648,47.91,47,99,1.81,KG,2021-04-15 20:09:58
526,Ugoofaaru,5.6667,73.0,82.78,73,100,6.44,MV,2021-04-15 20:10:41
527,Upernavik,72.7868,-56.1549,-3.75,87,100,1.95,GL,2021-04-15 20:06:33
528,Urengoy,65.9667,78.3667,5.13,91,100,16.28,RU,2021-04-15 20:09:38
529,Urgut,39.4022,67.2431,57.2,47,21,2.3,UZ,2021-04-15 20:10:35
530,Ushuaia,-54.8,-68.3,50.0,50,40,6.91,AR,2021-04-15 20:05:15
531,Usinsk,65.9939,57.5281,18.97,68,51,4.83,RU,2021-04-15 20:07:12
532,Ust'-Koksa,50.2696,85.6108,36.05,84,6,0.47,RU,2021-04-15 20:10:44
533,Vaini,-21.2,-175.2,78.8,78,40,8.05,TO,2021-04-15 20:07:42
534,Vanimo,-2.6741,141.3028,76.6,89,83,4.12,PG,2021-04-15 20:08:25
535,Vao,-22.6667,167.4833,74.88,83,100,19.93,NC,2021-04-15 20:09:06
536,Vardø,70.3705,31.1107,32.0,93,75,6.91,NO,2021-04-15 20:09:01
537,Venado Tuerto,-33.7456,-61.9688,82.0,99,0,4.0,AR,2021-04-15 20:10:46
538,Vestmanna,62.1564,-7.1664,44.6,93,73,18.41,FO,2021-04-15 20:09:02
539,Viedma,-40.8135,-62.9967,68.86,49,0,10.45,AR,2021-04-15 20:06:18
540,Vila Franca do Campo,37.7167,-25.4333,62.6,88,40,8.05,PT,2021-04-15 20:06:59
541,Vila Velha,-20.3297,-40.2925,81.0,65,0,12.66,BR,2021-04-15 20:09:34
542,Vila do Maio,15.1333,-23.2167,71.6,73,75,21.85,CV,2021-04-15 20:10:56
543,Vostok,46.4856,135.8833,27.34,71,100,4.76,RU,2021-04-15 20:05:58
544,Wahiawā,21.5028,-158.0236,80.6,50,1,8.05,US,2021-04-15 20:10:54
545,Waingapu,-9.6567,120.2641,75.63,76,100,3.91,ID,2021-04-15 20:08:20
546,Waipawa,-41.4122,175.5153,62.6,67,2,17.27,NZ,2021-04-15 20:09:39
547,Walla Walla,46.0646,-118.343,66.99,24,1,10.36,US,2021-04-15 20:10:14
548,Walvis Bay,-22.9575,14.5053,78.01,56,40,1.99,NA,2021-04-15 20:10:53
549,Westport,41.1415,-73.3579,48.99,100,90,16.11,US,2021-04-15 20:08:37
550,Whitianga,-36.8333,175.7,57.99,97,11,7.87,NZ,2021-04-15 20:10:08
551,Winnemucca,40.973,-117.7357,53.6,26,20,7.09,US,2021-04-15 20:09:49
552,Woodward,36.4337,-99.3904,50.0,61,90,8.05,US,2021-04-15 20:09:15
553,Xining,36.6167,101.7667,35.47,70,7,0.89,CN,2021-04-15 20:09:15
554,Yabrūd,33.9674,36.6574,64.4,34,0,5.75,SY,2021-04-15 20:09:07
555,Yamada,39.4667,141.95,41.58,64,100,4.68,JP,2021-04-15 20:09:31
556,Yar-Sale,66.8333,70.8333,-0.45,88,52,15.14,RU,2021-04-15 20:10:43
557,Yatou,37.15,122.3833,45.73,95,29,7.96,CN,2021-04-15 20:09:59
558,Yellowknife,62.456,-114.3525,41.0,48,20,14.97,CA,2021-04-15 20:07:53
559,Yhú,-25.05,-55.9167,82.11,51,72,6.31,PY,2021-04-15 20:09:19
560,Yulara,-25.2406,130.9889,60.8,88,75,5.75,AU,2021-04-15 20:08:22
561,Zaragoza,41.6561,-0.8773,57.2,41,0,11.5,ES,2021-04-15 20:07:52
562,Zeya,53.75,127.2667,20.14,94,99,2.91,RU,2021-04-15 20:09:25
563,Zhezkazgan,47.8043,67.7144,52.95,45,0,12.28,KZ,2021-04-15 20:08:35
564,Zhigansk,66.7697,123.3711,12.43,96,98,8.61,RU,2021-04-15 20:08:23
565,Zhuhai,22.2769,113.5678,75.99,94,40,14.97,CN,2021-04-15 20:09:51
566,Zorritos,-3.6805,-80.6782,84.2,70,75,13.8,PE,2021-04-15 20:09:48
567,Øksfjord,70.2396,22.3479,39.2,81,40,23.02,NO,2021-04-15 20:10:05
568,Ørnes,66.8689,13.7078,42.8,87,75,16.11,NO,2021-04-15 20:10:41
569,Čajniče,43.5575,19.0711,35.01,86,0,1.14,BA,2021-04-15 20:09:36
570,Ōdachō-ōda,35.1833,132.5,48.2,66,14,10.0,JP,2021-04-15 20:09:42
571,Żurrieq,35.8311,14.4742,59.0,77,20,19.57,MT,2021-04-15 20:10:46
572,Žepče,44.4267,18.0378,41.0,60,20,1.14,BA,2021-04-15 20:09:10
573,‘Ewa Beach,21.3156,-158.0072,80.6,50,1,6.91,US,2021-04-15 20:06:59
574,‘Āhuimanu,21.4447,-157.8378,80.6,60,40,5.75,US,2021-04-15 20:08:43
